restaurant_slug,branch_name,details,directions_link
"88","Al Rehab - Chillout","Al Rehab City, Chillout Area, Open: 11:00 AM - 3:00 AM","https://maps.google.com/search?q=Pizza+88+Al+Rehab+Chillout"
"88","Sheikh Zayed","Sheikh Zayed City, Open: 11:00 AM - 3:00 AM","https://maps.google.com/search?q=Pizza+88+Sheikh+Zayed"
"88","5th Settlement","Twin Plaza, 5th Settlement, Open: 11:00 AM - 3:00 AM","https://maps.google.com/search?q=Pizza+88+Twin+Plaza+5th+Settlement"
"88","Maadi El Nasr","Maadi El Nasr Street, Open: 11:00 AM - 3:00 AM","https://maps.google.com/search?q=Pizza+88+Maadi+El+Nasr"
"88","Abbas El Akkad","Abbas El Akkad Street, Open: 11:00 AM - 3:00 AM","https://maps.google.com/search?q=Pizza+88+Abbas+El+Akkad"
"88","Sheraton","Sheraton Area, Open: 11:00 AM - 3:00 AM","https://maps.google.com/search?q=Pizza+88+Sheraton"
"akleh","New Cairo","Downtown Mall, Food Court, Open: 10:00 AM - 2:00 AM","https://maps.google.com/search?q=Akleh+Downtown+Mall+New+Cairo"
"akleh","Sheikh Zayed","Mall of Egypt, 1st Floor, Open: 10:00 AM - 2:00 AM","https://maps.google.com/search?q=Akleh+Mall+of+Egypt+Sheikh+Zayed"
"akleh","Heliopolis","City Centre Almaza, Open: 10:00 AM - 2:00 AM","https://maps.google.com/search?q=Akleh+City+Centre+Almaza+Heliopolis"
"akleh","Nasr City","City Stars Mall, Open: 10:00 AM - 2:00 AM","https://maps.google.com/search?q=Akleh+City+Stars+Nasr+City"
"barbar","New Cairo - 5th Settlement","The Drive by Waterway, Open: 8:00 AM - 1:00 AM","https://maps.google.com/search?q=Barbar+The+Drive+Waterway+New+Cairo"
"barbar","Zamalek","26 Beirut Street, Open: 24/7","https://maps.google.com/search?q=Barbar+Shawarma+Zamalek+Beirut+Street"
"barbar","Downtown","Talaat Harb Square, Open: 24/7","https://maps.google.com/search?q=Barbar+Shawarma+Talaat+Harb"
"barbar","Heliopolis","El Hegaz Street, Open: 24/7","https://maps.google.com/search?q=Barbar+Shawarma+Heliopolis"
"bayoki","Mall of Egypt","Mall of Egypt, Sheikh Zayed, Open: 10:00 AM - 2:00 AM","https://maps.google.com/search?q=Bayouki+Mall+of+Egypt"
"bayoki","Sheikh Zayed","Arkan Plaza, Food Court, Open: 10:00 AM - 2:00 AM","https://maps.google.com/search?q=Bayouki+Arkan+Plaza+Sheikh+Zayed"
"bayoki","New Cairo","Cairo Festival City Mall, Open: 10:00 AM - 2:00 AM","https://maps.google.com/search?q=Bayouki+Cairo+Festival+City+Mall"
"bayoki","Heliopolis","Almaza Mall, Open: 10:00 AM - 2:00 AM","https://maps.google.com/search?q=Bayouki+Almaza+Mall"
"bazooka","New Cairo","Downtown Mall, Food Court, Open: 10:00 AM - 2:00 AM","https://maps.google.com/search?q=Bazooka+Downtown+Mall+New+Cairo"
"bazooka","Sheikh Zayed","Zahraa Mall, Ground Floor, Open: 10:00 AM - 2:00 AM","https://maps.google.com/search?q=Bazooka+Zahraa+Mall+Sheikh+Zayed"
"bazooka","Heliopolis","City Centre Almaza, Open: 10:00 AM - 2:00 AM","https://maps.google.com/search?q=Bazooka+City+Centre+Almaza"
"bazooka","Nasr City","City Stars Mall, Open: 10:00 AM - 2:00 AM","https://maps.google.com/search?q=Bazooka+City+Stars+Nasr+City"
"brgr","Zamalek","26 July Street, Original Branch, Open: 12:00 PM - 2:00 AM","https://maps.google.com/search?q=BRGR+Zamalek+26+July+Street"
"brgr","New Cairo","Cairo Festival City Mall, Open: 12:00 PM - 2:00 AM","https://maps.google.com/search?q=BRGR+Cairo+Festival+City+Mall"
"brgr","Sheikh Zayed","Mall of Egypt, Food Court, Open: 12:00 PM - 2:00 AM","https://maps.google.com/search?q=BRGR+Mall+of+Egypt"
"brgr","Heliopolis","City Centre Almaza, Open: 12:00 PM - 2:00 AM","https://maps.google.com/search?q=BRGR+City+Centre+Almaza"
"buffalo","Al Rehab City","Food Court, Avenue Mall, Open: 11:00 AM - 1:00 AM","https://maps.google.com/search?q=Buffalo+Burger+Al+Rehab+City"
"buffalo","El Obour","Golf City Mall, Ismailia Road, Open: 11:00 AM - 1:00 AM","https://maps.google.com/search?q=Buffalo+Burger+Golf+City+Mall"
"buffalo","Maadi","27 El Nasr Street, Beside Cleopatra Ceramics, Open: 11:00 AM - 1:00 AM","https://maps.google.com/search?q=Buffalo+Burger+Maadi+El+Nasr+Street"
"buffalo","Mokkatam","Street 9, Andalusia Garden, Open: 11:00 AM - 1:00 AM","https://maps.google.com/search?q=Buffalo+Burger+Mokkatam"
"buffalo","Almaza Mall","Almaza Mall, Heliopolis, Open: 11:00 AM - 1:00 AM","https://maps.google.com/search?q=Buffalo+Burger+Almaza+Mall"
"buffalo","Madinaty","Open Air Mall Food Court, Open: 11:00 AM - 1:00 AM","https://maps.google.com/search?q=Buffalo+Burger+Madinaty"
"buffalo","City Stars","Food Court, 8th Floor, Open: 11:00 AM - 1:00 AM","https://maps.google.com/search?q=Buffalo+Burger+City+Stars"
"buffalo","Mall of Egypt","Mall of Egypt, Sheikh Zayed, Open: 11:00 AM - 1:00 AM","https://maps.google.com/search?q=Buffalo+Burger+Mall+of+Egypt"
"buffalo","Zamalek","Yamama Center, Taha Hussein Street, Open: 11:00 AM - 1:00 AM","https://maps.google.com/search?q=Buffalo+Burger+Zamalek"
"buffalo","Drive Thru","Green Park Mall, West SUMED, Open: 11:00 AM - 1:00 AM","https://maps.google.com/search?q=Buffalo+Burger+Drive+Thru"
"butchers","Zamalek","5 Abou El Feda St, Om Kholthoum Tower, Open: 10:00 AM - 2:00 AM","https://maps.google.com/search?q=Butcher's+Burger+Zamalek"
"butchers","Heliopolis – Korba","19 Ramses Street, from Baghdad Street, Al-Korba, Open: 10:00 AM - 2:00 AM","https://maps.google.com/search?q=Butcher's+Burger+Heliopolis"
"butchers","Nasr City","Omar Ibn El Khattab St, inside City Stars Mall Phase 2, Open: 10:00 AM - 2:00 AM","https://maps.google.com/search?q=Butcher's+Burger+Nasr+City"
"butchers","Cairo Festival City (New Cairo)","The Village, inside Cairo Festival City Mall, Open: 10:00 AM - 2:00 AM","https://maps.google.com/search?q=Butcher's+Burger+Cairo+Festival+City"
"caizo","📍 Zayed","@theislewest, Open: 11:00 AM - 2:00 AM","https://maps.google.com/search?q=Caizo+Zayed"
"caizo","📍 New Giza","@thegardensng, Open: 11:00 AM - 2:00 AM","https://maps.google.com/search?q=Caizo+New+Giza"
"caizo","📍 New Cairo","@myplatz.co, Open: 11:00 AM - 2:00 AM","https://maps.google.com/search?q=Caizo+New+Cairo"
"caizo","📍 Maadi","@thefieldmaadi, Open: 11:00 AM - 2:00 AM","https://maps.google.com/search?q=Caizo+Maadi"
"caizo","📍 Sahel","@northed.eg / MV, Open: 11:00 AM - 2:00 AM","https://maps.google.com/search?q=Caizo+Sahel"
"caizo","📍 Nasr City","Open: 11:00 AM - 2:00 AM","https://maps.google.com/search?q=Caizo+Nasr+City"
"caizo","📍 Drive THRU","Open: 11:00 AM - 2:00 AM","https://maps.google.com/search?q=Caizo+Drive+THRU"
"chez","6th of October","88 Street, Palm Hills, Open: 9:00 AM - 10:00 PM","https://maps.google.com/search?q=Chez+Koukou+6th+of+October+Palm+Hills"
"chez","Nasr City","20 Saudi Buildings, National Bank Street, behind City Stars, Open: 9:00 AM - 11:00 PM","https://maps.google.com/search?q=Chez+Koukou+Nasr+City+City+Stars"
"chez","Mohandessin","21 Nablus Street, intersection of Riyad Street and Shehab Street, Open: 9:00 AM - 10:45 PM","https://maps.google.com/search?q=Chez+Koukou+Mohandessin+Nablus+Street"
"chez","New Cairo","New Cairo (Delivery Only), Open: 9:00 AM - 10:30 PM","https://maps.google.com/search?q=Chez+Koukou+New+Cairo"
"chez","Maadi","The Field, Victoria Square, Open: 9:00 AM - 11:00 PM","https://maps.google.com/search?q=Chez+Koukou+Maadi+Victoria+Square"
"chikin","New Cairo - 5th Settlement","Chillout Ring Road, Fifth Settlement, Open: 10:00 AM - 2:00 AM","https://maps.google.com/search?q=Chikin+Worx+New+Cairo+Chillout+Ring+Road"
"chikin","El Sheikh Zayed","Swell Lake Mall, Waslet Dahshur Rd, Open: 10:00 AM - 2:00 AM","https://maps.google.com/search?q=Chikin+Worx+Swell+Lake+Mall+Sheikh+Zayed"
"chikin","New Cairo - First Settlement","Chillout Elsadat Axis, New Cairo 1, Open: 10:00 AM - 2:00 AM","https://maps.google.com/search?q=Chikin+Worx+Chillout+Elsadat+Axis"
"chikin","6th of October","Parkway Mall, 26th of July Axis, Open: 10:00 AM - 2:00 AM","https://maps.google.com/search?q=Chikin+Worx+Parkway+Mall+6th+October"
"chikin","New Cairo - Al Narges","Gamal Abdel Nasser St, Mobil Station, Open: 10:00 AM - 2:00 AM","https://maps.google.com/search?q=Chikin+Worx+Al+Narges+Mobil+Station"
"chikin","Nasr City","Makram Ebid, Abou Dawoud Al Zaheri St, Open: 10:00 AM - 2:00 AM","https://maps.google.com/search?q=Chikin+Worx+Nasr+City+Makram+Ebid"
"country","Alexandria - Fouad Street","73 El-Horeya Rd (Fouad St.), Alexandria, Open: 10:00 AM - 2:00 AM","https://maps.google.com/search?q=Country+Hills+Fouad+Street+Alexandria"
"country","Alexandria - Louran (Mahrousa)","Cournich Rd., Alexandria, Open: 10:00 AM - 2:00 AM","https://maps.google.com/search?q=Country+Hills+Louran+Alexandria"
"country","Heliopolis","City Center Almaza, El Nasr Rd, Open: 10:00 AM - 2:00 AM","https://maps.google.com/search?q=Country+Hills+City+Center+Almaza"
"country","Sheikh Zayed","Mall of Egypt, El Wahat Rd, Gate F2, Open: 10:00 AM - 2:00 AM","https://maps.google.com/search?q=Country+Hills+Mall+of+Egypt"
"country","New Cairo","Cairo Festival City Mall, Ring Rd, Open: 10:00 AM - 2:00 AM","https://maps.google.com/search?q=Country+Hills+Cairo+Festival+City+Mall"
"country","Alexandria - City Center","City Center Alexandria, Ring Rd, Open: 10:00 AM - 2:00 AM","https://maps.google.com/search?q=Country+Hills+City+Center+Alexandria"
"crave","Sheikh Zayed","Arkan Mall, In Front of Zayed 2000, Open: 9:00 AM - 8:30 PM","https://maps.google.com/search?q=Crave+Sheikh+Zayed"
"crave","Zamalek","22 A Dr. Taha Hussein St., Open: 9:00 AM - 8:45 PM","https://maps.google.com/search?q=Crave+Zamalek"
"crave","Heliopolis","Tivoli Dome, Almaza Square, Open: 9:00 AM - 8:45 PM","https://maps.google.com/search?q=Crave+Heliopolis"
"crave","New Cairo","Cairo Festival City, The Village, Open: 9:00 AM - 8:00 PM","https://maps.google.com/search?q=Crave+New+Cairo"
"crispy","New Cairo - Abdullah Bin Maslamah","Abdullah Bin Maslamah Street (Delivery Only), 01500989004, 9:00 AM - 10:00 PM","https://maps.google.com/search?q=Crispy+Hen+New+Cairo"
"crispy","New Cairo - Abdullah Bin Maslamah 2","Abdullah Bin Maslamah Street, 01013391029, 12:00 PM - 8:45 PM","https://maps.google.com/search?q=Crispy+Hen+New+Cairo"
"crispy","Maadi - The Field","The field maadi - Victoria (Delivery only), 0225179890, 1:00 PM - 8:45 PM","https://maps.google.com/search?q=Crispy+Hen+Maadi"
"crispy","Maadi - The Field 2","The field maadi, 0225179890, 1:00 PM - 8:45 PM","https://maps.google.com/search?q=Crispy+Hen+Maadi"
"crumbs","New Cairo","Fast Pass Mall, Open: 8:00 AM - 11:00 PM","https://maps.google.com/search?q=Crumbs+New+Cairo+Fast+Pass+Mall"
"crumbs","New Cairo Branch 2","Multiple Locations, Open: 8:00 AM - 11:00 PM","https://maps.google.com/search?q=Crumbs+New+Cairo"
"daddy","Dokki","45 Al Noor Street (formerly Michael Bakhoum) off Mossadeq Street","https://maps.google.com/search?q=Daddy's+Burger+Dokki"
"daddy","The Courtyard Maadi","Palestine Rd, New، Maadi, Cairo Governorate","https://maps.google.com/search?q=Daddy's+Burger+Maadi"
"daddy","Nasr City","Child Park, Ahmed Fakhry, Street, Nasr City, Cairo Governorate 4450420","https://maps.google.com/search?q=Daddy's+Burger+Nasr+City"
"daddy","Rivulet Mall","26 of July Axis, Sheikh Zayed","https://maps.google.com/search?q=Daddy's+Burger+Rivulet+Mall"
"daddy","Rehab","Al-Rehab, next to the National Gas Station, in front of Gate 6 Al-Rehab","https://maps.google.com/search?q=Daddy's+Burger+Rehab"
"daddy","Park Way October","Parkway October - 26th of July Axis, 6th of October First District, Giza Governorate","https://maps.google.com/search?q=Daddy's+Burger+Park+Way+October"
"daddy","Madinaty Central park","Madinaty Central Park, Second New Cairo, Cairo Governorate","https://maps.google.com/search?q=Daddy's+Burger+Madinaty"
"daddy","El Narges Branch","Fast Pass Mall, El Narges District, Fifth Settlement, New Cairo","https://maps.google.com/search?q=Daddy's+Burger+El+Narges"
"dawgs","District 5","New Cairo, Open: 10:00 AM - 2:00 AM","https://maps.google.com/search?q=Dawgs+n+Shakes+District+5+New+Cairo"
"dawgs","CFC Mall","New Cairo, Open: 10:00 AM - 2:00 AM","https://maps.google.com/search?q=Dawgs+n+Shakes+CFC+Mall+New+Cairo"
"hameed","New Cairo","Cloud 9 Mall, Open: 10:00 AM - 2:00 AM","https://maps.google.com/search?q=Hameed+Cloud+9+Mall+New+Cairo"
"hameed","Madinaty","Open Air Mall, Madinaty, Open: 10:00 AM - 2:00 AM","https://maps.google.com/search?q=Hameed+Madinaty+Open+Air+Mall"
"hameed","5th Settlement","Cairo Festival City Mall, Open: 10:00 AM - 2:00 AM","https://maps.google.com/search?q=Hameed+Cairo+Festival+City+Mall"
"hameed","Sheikh Zayed City","West Mark Mall – 26 July axis, Open: 10:00 AM - 2:00 AM","https://maps.google.com/search?q=Hameed+West+Mark+Mall+Sheikh+Zayed"
"hameed","North Coast - Marassi","The Hub Marassi, Open: 10:00 AM - 2:00 AM","https://maps.google.com/search?q=Hameed+The+Hub+Marassi"
"hameed","North Coast - Amwaj","Seashell Hill – Amwaj, Open: 10:00 AM - 2:00 AM","https://maps.google.com/search?q=Hameed+Seashell+Hill+Amwaj"
"Hashville","Sheikh Zayed City","Zayed Promenade, Waslet Dahshour, Entrance 3, Open: 12:00 PM - 2:00 AM","https://maps.google.com/search?q=Hashville+Zayed+Promenade+Sheikh+Zayed"
"Hashville","New Cairo","Arabella Plaza Mall, 1st Floor, Open: 12:00 PM - 2:00 AM","https://maps.google.com/search?q=Hashville+Arabella+Plaza+Mall+New+Cairo"
"Hashville","El Tagmo3 El Awal","Arabella Plaza Mall, Open: 12:00 PM - 2:00 AM","https://maps.google.com/search?q=Hashville+Arabella+Plaza+Mall+Tagmo3"
"Hashville","Nasr City","The Garden Mall, Nasr City, Open: 12:00 PM - 2:00 AM","https://maps.google.com/search?q=Hashville+The+Garden+Mall+Nasr+City"
"Hashville","Maadi","Rd. 213, beside EspressoLab, Maadi, Open: 12:00 PM - 2:00 AM","https://maps.google.com/search?q=Hashville+Maadi+Road+213"
"Hashville","6th of October, Giza","Inside West Yard Mall, Waslet Dahshour area, Open: 12:00 PM - 2:00 AM","https://maps.google.com/search?q=Hashville+West+Yard+Mall+6th+October"
"Hashville","North Coast - Km 56","Alex/Matrouh Desert Rd., inside Seashell Walk, Open: 12:00 PM - 2:00 AM","https://maps.google.com/search?q=Hashville+Seashell+Walk+North+Coast"
"Hashville","North Coast - El Alamein","Km 112 Alex/Matrouh Desert Rd., North Square Mall, Open: 12:00 PM - 2:00 AM","https://maps.google.com/search?q=Hashville+North+Square+Mall+El+Alamein"
"Hashville","North Coast - Sidi Abdel Rahman","Km 126 Alex/Matrouh Desert Rd., Stella Walk, Open: 12:00 PM - 2:00 AM","https://maps.google.com/search?q=Hashville+Stella+Walk+Sidi+Abdel+Rahman"
"heart","Nasr City - City Stars","City Stars Mall, 8th floor, food court, Open: 10:00 AM - 2:00 AM","https://maps.google.com/search?q=Heart+Attack+City+Stars+Nasr+City"
"heart","Heliopolis","City Center Almaza, food court, Open: 10:00 AM - 2:00 AM","https://maps.google.com/search?q=Heart+Attack+City+Centre+Almaza+Heliopolis"
"heart","New Cairo","Gate 6, City Square, Open: 10:00 AM - 2:00 AM","https://maps.google.com/search?q=Heart+Attack+City+Square+New+Cairo"
"heart","6th of October","Mall of Arabia, food court, Open: 10:00 AM - 2:00 AM","https://maps.google.com/search?q=Heart+Attack+Mall+of+Arabia+6th+October"
"heart","Al Rehab","Gate 6, City Square, Open: 10:00 AM - 2:00 AM","https://maps.google.com/search?q=Heart+Attack+Al+Rehab+City+Square"
"heart","Maadi","Al-Nasr Street, next to Qabbani Furniture, Open: 10:00 AM - 2:00 AM","https://maps.google.com/search?q=Heart+Attack+Maadi+Al+Nasr+Street"
"holmes","Sheikh Zayed","West Yard Mall, Next to Starbucks, Open: 7:00 AM - 10:30 PM","https://maps.google.com/search?q=Holmes+Burgers+West+Yard+Mall+Sheikh+Zayed"
"holmes","Heliopolis","21 Cleopatra Street, Intersection with Al Thawra Street, Open: 7:00 AM - 10:30 PM","https://maps.google.com/search?q=Holmes+Burgers+Heliopolis+Cleopatra+Street"
"holmes","Maadi","City Center El Maadi - Block Fc8 - Inside Food Court, Open: 7:00 AM - 9:00 PM","https://maps.google.com/search?q=Holmes+Burgers+City+Center+El+Maadi"
"howlin","Maadi","Road 206, Maadi as Sarayat Al Gharbeyah, Open: 10:00 AM - 2:00 AM","https://maps.google.com/search?q=Howlin+Birds+Maadi+Road+206"
"howlin","Sheikh Zayed","Ivory Egypt Business Park, Open: 10:00 AM - 2:00 AM","https://maps.google.com/search?q=Howlin+Birds+Ivory+Egypt+Business+Park"
"howlin","New Cairo - District 5","District 5, New Cairo, Open: 10:00 AM - 2:00 AM","https://maps.google.com/search?q=Howlin+Birds+District+5+New+Cairo"
"husk","New Cairo","HUSK, 2G5G+98X, New Cairo 1, Cairo Governorate 11835","https://maps.google.com/search?q=Husk+Restaurant+New+Cairo"
"kansas","Heliopolis - Masaken Sheraton","77 Sakr Korish Building, Open: 10:00 AM - 2:00 AM","https://maps.google.com/search?q=Kansas+Chicken+Masaken+Sheraton"
"kansas","Nasr City - Abbas Akkad","33 Batrawi Road, Open: 10:00 AM - 2:00 AM","https://maps.google.com/search?q=Kansas+Chicken+Abbas+Akkad"
"kansas","Mohandaseen","44 Shehab Street, Jazerat El Arab, Open: 10:00 AM - 2:00 AM","https://maps.google.com/search?q=Kansas+Chicken+Mohandaseen"
"kansas","Open Air Mall","Food Court, Open Air Mall, Open: 10:00 AM - 2:00 AM","https://maps.google.com/search?q=Kansas+Chicken+Open+Air+Mall"
"kansas","Maadi","Total Gas Station, El Nasr Street, Open: 10:00 AM - 2:00 AM","https://maps.google.com/search?q=Kansas+Chicken+Maadi"
"kansas","El Rehab","152 Old Commercial Market, Open: 10:00 AM - 2:00 AM","https://maps.google.com/search?q=Kansas+Chicken+El+Rehab"
"kilo","Mall of Arabia","6th of October, Juhayna Square, Open: 10:00 AM - 2:00 AM","https://maps.google.com/search?q=Kilo+Kebab+Mall+of+Arabia"
"kilo","Mall of Egypt","Wahat Road, 6th of October, Open: 10:00 AM - 2:00 AM","https://maps.google.com/search?q=Kilo+Kebab+Mall+of+Egypt"
"kilo","City Stars","Heliopolis, Nasr City, Open: 10:00 AM - 2:00 AM","https://maps.google.com/search?q=Kilo+Kebab+City+Stars"
"kilo","City Centre Almaza","Heliopolis, Almaza, Open: 10:00 AM - 2:00 AM","https://maps.google.com/search?q=Kilo+Kebab+City+Centre+Almaza"
"kilo","Cairo Festival City","New Cairo, 5th Settlement, Open: 10:00 AM - 2:00 AM","https://maps.google.com/search?q=Kilo+Kebab+Cairo+Festival+City"
"kilo","Chill Out Gas Station","Sheikh Zayed, Alexandria Desert Road, Open: 10:00 AM - 2:00 AM","https://maps.google.com/search?q=Kilo+Kebab+Chill+Out+Gas+Station"
"lord","Sheikh Zayed - Sodic Mall","Sodic Mall Walk Cairo Sodic Beverly Hills Zayed, 01125555341, 10:00 AM - 7:30 PM","https://maps.google.com/search?q=Lord+of+the+Wings+Sheikh+Zayed"
"lord","Sheikh Zayed - The Isle Mall","The Isle Mall, 26th July Corridor, 01114384444, 10:00 AM - 7:30 PM","https://maps.google.com/search?q=Lord+of+the+Wings+The+Isle+Mall"
"lord","6th of October","Golf Central Palm Hills, 10:00 AM - 7:00 PM","https://maps.google.com/search?q=Lord+of+the+Wings+6th+October"
"lord","New Cairo - Point 90 Mall","Point 90 Mall, Second Floor Next to Tradeline, 01125555335, 10:00 AM - 7:30 PM","https://maps.google.com/search?q=Lord+of+the+Wings+Point+90+Mall"
"man","Sheikh Zayed","Karma Mall 4, Talat Shabakat, Next to Al-Ahly Club, Open: 6:00 AM - 10:30 PM","https://maps.google.com/search?q=Man'oucheh+Sheikh+Zayed"
"man","Heliopolis","36 Abu Bakr El Seddik Street, Safir Square, Open: 5:00 AM - 10:30 PM","https://maps.google.com/search?q=Man'oucheh+Heliopolis"
"man","New Cairo","Cairo Business Gate 294 German Schneider jumper, Open: 5:00 AM - 10:30 PM","https://maps.google.com/search?q=Man'oucheh+New+Cairo"
"man","Maadi","49 Road 9, Open: 5:00 AM - 11:30 PM","https://maps.google.com/search?q=Man'oucheh+Maadi"
"mario","Mivida - Lake District","Mivida Compound, New Cairo, Open: 10:00 AM - 8:30 PM","https://maps.google.com/search?q=Mario's+Mivida+Lake+District"
"mario","Hydeout New Cairo","New Cairo, Open: 10:00 AM - 8:30 PM","https://maps.google.com/search?q=Mario's+Hydeout+New+Cairo"
"mexican","Arabella","Arabella Mall, Open: 10:00 AM - 2:00 AM","https://maps.google.com/search?q=Mexican+Corn+Arabella+Mall"
"pablo","📍 Heliopolis","96 Omar Ibn El Khattab, Open: 9:00 AM - 11:00 PM","https://maps.google.com/search?q=Pablo+%26+Abdo+Heliopolis"
"pablo","📍 Madinaty","Open Air Mall, Boom Room, Open: 9:00 AM - 11:00 PM","https://maps.google.com/search?q=Pablo+%26+Abdo+Madinaty"
"panda","📍 Heliopolis","Al-Maqrizi, Manshiyat Al-Bakri, Open: 9:00 AM - 9:00 PM","https://maps.google.com/search?q=Panda+Express+Heliopolis"
"panda","📍 6th of October","Mall of Arabia, Juhayna Square, Food Court, Open: 8:00 AM - 7:45 PM","https://maps.google.com/search?q=Panda+Express+6th+of+October"
"panda","📍 Nasr City","City Stars Centre, Phase 2, Floor 1, Open: 9:00 AM - 8:00 PM","https://maps.google.com/search?q=Panda+Express+Nasr+City"
"panda","📍 Al Rehab City","Chillout Al Rehab Petrol Station at Gate 14, Open: 7:00 AM - 11:00 PM","https://maps.google.com/search?q=Panda+Express+Al+Rehab+City"
"panda","📍 New Cairo","Cairo Festival City Mall, Open: 9:00 AM - 8:45 PM","https://maps.google.com/search?q=Panda+Express+New+Cairo"
"panda","📍 Madinaty","Open Air Mall Food Court, Open: 9:00 AM - 7:45 PM","https://maps.google.com/search?q=Panda+Express+Madinaty"
"pasta","Heliopolis","16 Saudi Bldgs., Behind City Stars, Ard El Golf, Open: 9:00 AM - 8:15 PM","https://maps.google.com/search?q=Pasta2Go+Heliopolis"
"pasta","New Cairo","Point 90 Mall, Second Floor, Open: 9:00 AM - 7:00 PM","https://maps.google.com/search?q=Pasta2Go+Point+90+Mall"
"pasta","Maadi","29 Mostafa Kamel, Street 9, Beside Bouza Roll, Open: 9:00 AM - 8:30 PM","https://maps.google.com/search?q=Pasta2Go+Maadi"
"pasta","Madinaty","Open Air Mall, Food Hall, Open: 9:00 AM - 9:00 PM","https://maps.google.com/search?q=Pasta2Go+Madinaty"
"peking","Mohandessin","26 El Atteba St., +202-3366734 / +202-37496713","https://maps.google.com/search?q=Peking+Restaurant+Mohandessin"
"peking","Heliopolis","115 Osman ibn Affan St., +202-24185612 / +202-24192247","https://maps.google.com/search?q=Peking+Restaurant+Heliopolis"
"peking","Maadi","29 Road 257, El Nasr St., +202-25164218 / +202-25164145","https://maps.google.com/search?q=Peking+Restaurant+Maadi"
"peking","Rehab","Sporting Club, +202-26931114/5","https://maps.google.com/search?q=Peking+Restaurant+Rehab"
"peking","El-Sherouk","City Plaza Beside BUE, +202-01092084433 / +202-01092128866","https://maps.google.com/search?q=Peking+Restaurant+El+Sherouk"
"peking","Katameya","Downtown Mall, +202-23146251/2","https://maps.google.com/search?q=Peking+Restaurant+Katameya"
"peking","El-Sheikh Zayed City","Al Guezira Plaza, +202-38517713/4","https://maps.google.com/search?q=Peking+Restaurant+Sheikh+Zayed"
"peking","North Coast","Rivette Mall @Amwaj, km 136 Alexandria Matrouh Road, +20-01019497946","https://maps.google.com/search?q=Peking+Restaurant+North+Coast"
"pickl","Park Street West","Sunday - Thursday 11am-2am, Friday - Saturday 11am-2am","https://maps.google.com/search?q=Pickl+Park+Street+West"
"pickl","Park Street East","Sunday - Thursday 11am-2am, Friday - Saturday 11am-2am","https://maps.google.com/search?q=Pickl+Park+Street+East"
"pickl","North Lane Alamein","Sunday - Thursday 12pm-2am, Friday - Saturday 12pm-2am","https://maps.google.com/search?q=Pickl+North+Lane+Alamein"
"pickl","North Square Alamein","Sunday - Thursday 12pm-2am, Friday - Saturday 12pm-2am","https://maps.google.com/search?q=Pickl+North+Square+Alamein"
"pickl","Seashell","Sunday - Thursday 12pm-2am, Friday - Saturday 12pm-2am","https://maps.google.com/search?q=Pickl+Seashell"
"pickl","Hacienda","Sunday - Thursday 12pm-2am, Friday - Saturday 12pm-2am","https://maps.google.com/search?q=Pickl+Hacienda"
"qasr","Heliopolis","El Hegaz Street, Heliopolis, Open: 12:00 PM - 2:00 AM","https://maps.google.com/search?q=Qasr+El+Kababgy+Heliopolis"
"qasr","Zamalek","26th of July Street, Zamalek, Open: 12:00 PM - 2:00 AM","https://maps.google.com/search?q=Qasr+El+Kababgy+Zamalek"
"qasr","New Cairo","Downtown Mall, New Cairo, Open: 12:00 PM - 2:00 AM","https://maps.google.com/search?q=Qasr+El+Kababgy+New+Cairo"
"qasr","6th of October","Arkan Plaza, 6th of October, Open: 12:00 PM - 2:00 AM","https://maps.google.com/search?q=Qasr+El+Kababgy+6th+of+October"
"ribs","Arkan","Sheikh Zayed, Open: 10:00 AM - 2:00 AM","https://maps.google.com/search?q=Chicken+and+Ribs+Arkan+Sheikh+Zayed"
"ribs","Cairo Festival City","New Cairo, Open: 10:00 AM - 2:00 AM","https://maps.google.com/search?q=Chicken+and+Ribs+Cairo+Festival+City"
"ribs","Westown Hub","6th of October, Open: 10:00 AM - 2:00 AM","https://maps.google.com/search?q=Chicken+and+Ribs+Westown+Hub"
"ribs","Zamalek","26th of July Street, Open: 10:00 AM - 2:00 AM","https://maps.google.com/search?q=Chicken+and+Ribs+Zamalek"
"sauce","The Drive by Waterway","The Drive by Waterway, Open: 12:00 PM - 2:00 AM","https://maps.google.com/search?q=Sauce+Restaurant+The+Drive+by+Waterway"
"sauce","New Cairo","Vinci Compound, Road 90, Open: 12:00 PM - 2:00 AM","https://maps.google.com/search?q=Sauce+Restaurant+New+Cairo"
"sauce","Sheikh Zayed","Arkan Plaza, Sheikh Zayed, Open: 12:00 PM - 2:00 AM","https://maps.google.com/search?q=Sauce+Restaurant+Arkan+Plaza"
"station","New Cairo","Tagamoa 5, CFC Mall, Open: 10:00 AM - 2:00 AM","https://maps.google.com/search?q=Pizza+Station+CFC+Mall+New+Cairo"
"station","Heliopolis","Sheraton Area, City Centre Almaza, Open: 10:00 AM - 2:00 AM","https://maps.google.com/search?q=Pizza+Station+City+Centre+Almaza+Heliopolis"
"station","Zamalek","26th of July Street, Open: 10:00 AM - 2:00 AM","https://maps.google.com/search?q=Pizza+Station+Zamalek+26th+of+July"
"station","Sheikh Zayed","Arkan Plaza, Open: 10:00 AM - 2:00 AM","https://maps.google.com/search?q=Pizza+Station+Arkan+Plaza+Sheikh+Zayed"
"tabali","📍 Sheikh Zayed","Arkan Mall 2, Sky Walk, 2nd Floor, Shop 112, Open: 5:00 AM - 8:15 PM","https://maps.google.com/search?q=Tabali+Sheikh+Zayed"
"tabali","📍 Zamalek","Food Nation, Tivoli, Open: 4:30 AM - 3:15 PM","https://maps.google.com/search?q=Tabali+Zamalek"
"tabali","📍 6th of October","Mall of Arabia, Gate 9, The Park, Open: 5:00 AM - 8:15 PM","https://maps.google.com/search?q=Tabali+6th+of+October"
"tabali","📍 Heliopolis","18 Nazih Khalifa st, In Front of Ahram Metro Station, Open: 4:30 AM - 7:45 PM","https://maps.google.com/search?q=Tabali+Heliopolis"
"tabali","📍 Al Rehab City","Abdullah Bin Salama Street, Open: 4:30 AM - 11:45 AM","https://maps.google.com/search?q=Tabali+Al+Rehab+City"
"tabali","📍 New Cairo","Levin Mall, Fifth Settlement, Open: 5:00 AM - 8:15 PM","https://maps.google.com/search?q=Tabali+New+Cairo"
"vasko","New Cairo","Point 90 Mall, Food Court, Open: 9:00 AM - 12:00 AM","https://maps.google.com/search?q=Vasko+Point+90+Mall+New+Cairo"
"vasko","Sheikh Zayed","Mall of Egypt, Ground Floor, Open: 9:00 AM - 12:00 AM","https://maps.google.com/search?q=Vasko+Mall+of+Egypt+Sheikh+Zayed"
"vasko","Heliopolis","City Centre Almaza, Open: 9:00 AM - 12:00 AM","https://maps.google.com/search?q=Vasko+City+Centre+Almaza+Heliopolis"
"vasko","Nasr City","City Stars Mall, Level 2, Open: 9:00 AM - 12:00 AM","https://maps.google.com/search?q=Vasko+City+Stars+Nasr+City"
"ward","Arabella Mall","Arabella Mall, Food Court, Open: 10:00 AM - 2:00 AM","https://maps.google.com/search?q=Koshary+Ward+Arabella+Mall"
"ward","New Cairo","Point 90 Mall, Food Court, Open: 10:00 AM - 2:00 AM","https://maps.google.com/search?q=Koshary+Ward+Point+90+Mall+New+Cairo"
"ward","Sheikh Zayed","Mall of Egypt, Food Court, Open: 10:00 AM - 2:00 AM","https://maps.google.com/search?q=Koshary+Ward+Mall+of+Egypt+Sheikh+Zayed"
"ward","Heliopolis","City Centre Almaza, Open: 10:00 AM - 2:00 AM","https://maps.google.com/search?q=Koshary+Ward+City+Centre+Almaza+Heliopolis"
"what","Zamalek","26th of July Street, Zamalek, Open: 12:00 PM - 2:00 AM","https://maps.google.com/search?q=What+The+Crust+Zamalek"
"what","New Cairo","Point 90 Mall, New Cairo, Open: 12:00 PM - 2:00 AM","https://maps.google.com/search?q=What+The+Crust+New+Cairo"
"what","Sheikh Zayed","Mall of Egypt, Sheikh Zayed, Open: 12:00 PM - 2:00 AM","https://maps.google.com/search?q=What+The+Crust+Sheikh+Zayed"
"what","Maadi","Maadi Degla, Maadi, Open: 12:00 PM - 2:00 AM","https://maps.google.com/search?q=What+The+Crust+Maadi"
"willys","Sheikh Zayed","Mall of Egypt, Open: 12:00 PM - 2:00 AM","https://maps.google.com/search?q=Willy's+Kitchen+Mall+of+Egypt"
"willys","New Cairo","Cairo Festival City Mall, Open: 12:00 PM - 2:00 AM","https://maps.google.com/search?q=Willy's+Kitchen+Cairo+Festival"
"willys","Madinaty","Madinaty City, Open: 12:00 PM - 2:00 AM","https://maps.google.com/search?q=Willy's+Kitchen+Madinaty"
"willys","Maadi","Maadi Corniche, Open: 12:00 PM - 2:00 AM","https://maps.google.com/search?q=Willy's+Kitchen+Maadi"
"wok","Fuel Up - First Settlement","Inside Fuel Up Gas Station, First Settlement, at the end of the police academy wall","https://maps.google.com/search?q=Wok+and+Walk+Fuel+Up+First+Settlement"
"wok","Point 90 Mall","Point 90 Mall, Sheikh Zayed","https://maps.google.com/search?q=Wok+and+Walk+Point+90+Mall"
"wok","Nasr City","Food Nation - Tivoli Plaza Mall - Omar Ibn Al Khattab Street, Next to Dar Al Ashara and Golden Plaza Hotel","https://maps.google.com/search?q=Wok+and+Walk+Nasr+City"
"wok","Maadi","Inside The White Yard, first street 206, next to the gate of Nasr College School and the Grand Mall","https://maps.google.com/search?q=Wok+and+Walk+Maadi"
"wok","El Dokki","Unit No. 4 in front of the Agricultural Museum, Mid Street Restaurant Complex, Princess Fatima Street","https://maps.google.com/search?q=Wok+and+Walk+Dokki"
"wok","Rehab","Rehab City","https://maps.google.com/search?q=Wok+and+Walk+Rehab"
"wok","Madinaty","Madinaty City","https://maps.google.com/search?q=Wok+and+Walk+Madinaty"
"wok","Alexandria - El Mandara","TERRACE ALEX Mall - El Mandara","https://maps.google.com/search?q=Wok+and+Walk+Alexandria"
